﻿track_name,artist_name,artist_pop,album,track_pop,danceability,energy,loudness,mode,key,speechiness,acousticness,instrumentalness,liveness,valence,tempo,time_signature,duration_ms
STAY (with Justin Bieber),The Kid LAROI,83,STAY (with Justin Bieber),89,0.591,0.764,-5.484,1,1,0.0483,0.0383,0,0.103,0.478,169.928,4,141806
Peaches (feat. Daniel Caesar & Giveon),Justin Bieber,90,Justice,86,0.677,0.696,-6.181,1,0,0.119,0.321,0,0.42,0.464,90.03,4,198082
edamame (feat. Rich Brian),bbno$,72,edamame (feat. Rich Brian),77,0.815,0.848,-4.704,0,4,0.115,0.023,0.000162,0.0265,0.684,106.032,4,133707
Here's Your Perfect,Jamie Miller,65,Here's Your Perfect,77,0.558,0.454,-5.335,1,6,0.0551,0.499,0,0.146,0.424,113.12,4,158594
It's You,Sezairi,57,It's You,73,0.63,0.456,-8.285,1,8,0.0317,0.545,0,0.114,0.166,137.915,3,251440
Take You Dancing,Jason Derulo,80,Take You Dancing,79,0.789,0.711,-4.248,1,2,0.041,0.0332,0,0.0876,0.753,112.985,4,190306
It's Only Me - Studio Version,Kaleb J,60,It's Only Me (Studio Version),73,0.602,0.298,-13.333,1,4,0.0385,0.31,0,0.117,0.316,119.889,4,203076
Reckless,Madison Beer,71,Reckless,78,0.386,0.426,-6.642,1,3,0.0363,0.807,0,0.14,0.261,180.104,3,203385
deja vu,Olivia Rodrigo,85,SOUR,88,0.442,0.612,-7.222,1,2,0.112,0.584,0.0000057,0.37,0.178,180.917,4,215507
Paradise,Bazzi,72,Soul Searching,75,0.844,0.644,-6.273,0,11,0.0479,0.0828,0,0.113,0.591,122.061,4,169038
Never (feat. OMI),Marcus & Martinus,54,Moments (Deluxe),39,0.651,0.595,-6.889,1,8,0.179,0.279,0,0.241,0.816,116.92,5,190080
Need to Know,Doja Cat,88,Planet Her,85,0.664,0.609,-6.509,1,1,0.0707,0.304,0,0.0926,0.194,130.041,4,210560
Into Your Arms (feat. Ava Max),Witt Lowry,62,Into Your Arms (feat. Ava Max),77,0.504,0.788,-4.113,0,3,0.215,0.0134,0,0.363,0.228,170.039,4,186022
Apollo,Nightcore High,44,Apollo,61,0.483,0.611,-6.33,1,1,0.0994,0.117,0,0.111,0.325,103.308,4,150340
Dễ Đến Dễ Đi,Quang Hùng MasterD,37,Dễ Đến Dễ Đi,46,0.873,0.444,-7.139,1,10,0.0441,0.752,0.0393,0.0979,0.406,105.017,4,270048
Dinero,Trinidad Cardona,63,Dinero,73,0.708,0.782,-4.687,1,2,0.0674,0.00772,0,0.107,0.484,119.997,4,160880
Tutu,Camilo,80,Tutu,69,0.731,0.832,-2.592,1,9,0.0503,0.273,0,0.0665,0.94,146.013,4,178613
Know Me Too Well,New Hope Club,56,Know Me Too Well,59,0.75,0.698,-4.371,0,1,0.0388,0.427,0,0.0654,0.834,122.954,4,200013
Stereo Hearts (feat. Adam Levine),Gym Class Heroes,68,The Papercut Chronicles II,63,0.646,0.795,-3.293,1,9,0.0976,0.0319,0,0.267,0.796,89.99,4,210960
Beggin',Måneskin,78,Chosen,86,0.714,0.8,-4.808,0,11,0.0504,0.127,0,0.359,0.589,134.002,4,211560
#BrooklynBloodPop!,SyKo,58,#BrooklynBloodPop!,75,0.691,0.814,-3.788,0,1,0.117,0.0164,0,0.366,0.509,132.012,4,145611
So Big,Iyaz,63,Replay,52,0.697,0.688,-4.551,1,6,0.0362,0.29,0,0.308,0.666,121.962,4,199920
double take,dhruv,67,double take,6,0.654,0.434,-11.163,1,8,0.0665,0.837,0,0.216,0.223,109.069,4,171743
everything sucks,vaultboy,63,everything sucks,76,0.76,0.371,-8.964,1,6,0.0531,0.00772,0,0.0785,0.653,138.023,4,115402
Unlock it (Lock It) - feat. Kim Petras and Jay Park,Charli XCX,77,Pop 2,63,0.504,0.711,-5.864,1,9,0.0452,0.0585,0.0000183,0.382,0.5,134.824,4,232933
The Business,Tiësto,82,The Business,83,0.798,0.62,-7.079,0,8,0.232,0.414,0.0192,0.112,0.235,120.031,4,164000
good 4 u,Olivia Rodrigo,85,good 4 u,27,0.556,0.661,-5.052,0,6,0.204,0.3,0,0.101,0.668,168.56,4,178148
Caroline,Aminé,69,Good For You,73,0.94,0.335,-10.179,0,5,0.505,0.17,0,0.262,0.707,120.04,4,209640
Ратата,Konfuz,51,Ратата,59,0.921,0.524,-7.074,0,8,0.0569,0.172,0,0.138,0.895,129.995,4,137077
Build a Bitch,Bella Poarch,65,Build a Bitch,76,0.855,0.463,-7.454,1,3,0.0367,0.217,0.0000177,0.347,0.866,102.931,4,122773
Cheating on You,Charlie Puth,83,Cheating on You,77,0.749,0.535,-6.785,1,4,0.0336,0.0131,0.0000365,0.0982,0.601,123.042,4,196607
Levitating,Dua Lipa,88,Future Nostalgia,83,0.695,0.884,-2.278,0,6,0.0753,0.0561,0,0.213,0.914,103.014,4,203808
After School,Weeekly,56,We play,72,0.634,0.928,-1.609,1,1,0.0514,0.00719,0.00000255,0.0626,0.738,164.007,4,205373
Leave The Door Open,Bruno Mars,86,Leave The Door Open,31,0.586,0.616,-7.964,1,5,0.0324,0.182,0,0.0927,0.719,148.088,4,242096
MONTERO (Call Me By Your Name),Lil Nas X,81,MONTERO (Call Me By Your Name),4,0.61,0.508,-6.682,0,8,0.152,0.297,0,0.384,0.758,178.818,4,137876
2 Phút Hơn - KAIZ Remix,Pháo,46,2 Phút Hơn (KAIZ Remix),62,0.845,0.733,-4.581,1,9,0.0566,0.0265,0.0109,0.063,0.28,128.016,4,183832
晚安晚安 (DJ版),小三金,24,晚安晚安 (DJ版),35,0.624,0.528,-6.659,1,3,0.07,0.284,0,0.0549,0.642,179.8,4,125320
Astronaut In The Ocean,Masked Wolf,68,Astronaut In The Ocean,79,0.778,0.695,-6.865,0,4,0.0913,0.175,0,0.15,0.472,149.996,4,132780
Kẻ Cắp Gặp Bà Già - Remix,DJ TikTok,38,Kẻ Cắp Gặp Bà Già,41,0.875,0.677,-3.441,0,3,0.0467,0.0391,0.611,0.332,0.798,128.015,4,194955
SugarCrash!,ElyOtto,57,SugarCrash!,1,0.745,0.74,-6.558,1,0,0.097,0.53,0.0000737,0.0936,0.36,97.735,4,80118
Stuck in the Middle,Tai Verdes,70,Stuck in the Middle,0,0.844,0.429,-9.308,1,2,0.0448,0.574,0,0.0949,0.764,119.989,4,196000
Please Don't Go,Mike Posner,70,31 Minutes to Takeoff,68,0.699,0.882,-3.896,0,4,0.0311,0.00296,0.0544,0.13,0.657,120.016,4,196813
Renai Circulation (English Cover) [2012 TV Size],Lizz Robinett,52,Renai Circulation (English Cover) [TV Size],0,0.896,0.555,-12.145,1,4,0.085,0.252,0.0143,0.109,0.772,120.013,4,91067
Copines,Aya Nakamura,69,NAKAMURA,72,0.701,0.787,-3.941,0,8,0.0855,0.27,0,0.105,0.904,180.027,4,171720
FACK,Eminem,89,Curtain Call: The Hits (Deluxe Edition),62,0.842,0.602,-7.103,1,1,0.0796,0.00638,0.112,0.103,0.372,124.213,4,205760
To the Bone,Pamungkas,67,Flying Solo,78,0.668,0.727,-6.55,0,7,0.027,0.514,0.000019,0.1,0.939,139.991,4,344571
Rasputin,Boney M.,70,Daddy Cool,70,0.69,0.752,-11.47,0,6,0.0455,0.463,0.00102,0.595,0.97,126.005,4,220667
Gimme More,Britney Spears,78,Blackout,79,0.788,0.844,-3.131,1,2,0.0334,0.25,0.000678,0.0723,0.382,113.324,4,251240
The Show,Lenka,51,Lenka (Expanded Edition),57,0.753,0.59,-4.144,1,0,0.0317,0.259,0,0.0836,0.593,123.028,4,235693
3 Strikes,Terror Jr,47,Bop City,56,0.599,0.432,-6.097,1,5,0.0451,0.62,0.00773,0.105,0.615,106.824,5,175777
Yours,Raiden,52,Yours,68,0.676,0.774,-3.988,1,8,0.0338,0.137,0,0.106,0.392,86.994,4,235413
Dangerous,Kardinal Offishall,60,Not 4 Sale,73,0.949,0.79,-5.957,1,8,0.0756,0.00437,0,0.0816,0.807,117.002,4,246053
Heartbreak Anniversary,Giveon,80,TAKE TIME,83,0.449,0.465,-8.964,1,0,0.0791,0.524,0.00000102,0.303,0.543,89.087,3,198371
BANG BANG BANG,BIGBANG,65,MADE,67,0.69,0.843,-2.949,1,1,0.0534,0.0167,0,0.346,0.428,135.01,4,220178
Safe And Sound,Capital Cities,66,In A Tidal Wave Of Mystery (Deluxe Edition),82,0.655,0.819,-4.852,1,0,0.0316,0.000176,0.00374,0.104,0.766,117.956,5,192790
Savage Days,Eric D,34,Savage Days,0,0.757,0.836,-6.437,0,1,0.0601,0.00324,0.000663,0.0389,0.756,136.883,4,138312
Dilemma,Nelly,74,Nellyville,77,0.727,0.552,-8.074,0,2,0.14,0.227,0.000164,0.198,0.607,168.189,4,289160
"Sit Still, Look Pretty",Daya,69,"Sit Still, Look Pretty",0,0.657,0.739,-4.081,1,2,0.274,0.141,0,0.178,0.543,181.994,4,202221
YRN - Remix,Eduardo Luzquiños,57,YRN (Remix),0,0.808,0.782,-8.505,0,7,0.197,0.0241,0.00156,0.123,0.634,126.026,4,268355
Brave,Sara Bareilles,65,The Blessed Unrest,70,0.551,0.836,-3.838,0,10,0.0524,0.00502,0.000021,0.0425,0.758,185.063,4,220573
At My Worst,Pink Sweat$,69,The Prelude,74,0.813,0.415,-5.926,1,0,0.0349,0.777,0,0.131,0.667,91.921,4,170345
Dandelions,Ruth B.,75,Safe Haven,90,0.609,0.692,-2.958,1,1,0.0259,0.0157,0,0.0864,0.454,116.959,3,233720
drivers license,Olivia Rodrigo,85,SOUR,88,0.561,0.431,-8.81,1,10,0.0578,0.768,0.0000142,0.106,0.137,143.875,4,242013
happier,Olivia Rodrigo,85,SOUR,86,0.395,0.443,-9.72,1,6,0.133,0.765,0.00000967,0.0839,0.338,168.924,3,175933
Woman,Doja Cat,88,Planet Her,89,0.824,0.764,-4.175,0,5,0.0854,0.0888,0.00294,0.117,0.881,107.998,4,172627
Kiss Me More (feat. SZA),Doja Cat,88,Planet Her,82,0.764,0.705,-3.463,1,8,0.0284,0.259,0.0000892,0.12,0.781,110.97,4,208667
You're Perfect,Charly Black,60,You're Perfect,57,0.817,0.855,-3.282,0,7,0.244,0.318,0,0.0517,0.783,104.909,4,196973
My Universe,Coldplay,87,My Universe,83,0.588,0.701,-6.39,1,9,0.0402,0.00813,0,0.2,0.443,104.988,4,228000
Permission to Dance,BTS,91,Butter / Permission to Dance,11,0.702,0.741,-5.33,1,9,0.0427,0.00544,0,0.337,0.646,124.925,4,187585
Butter,BTS,91,"Butter (Hotter, Sweeter, Cooler)",15,0.759,0.459,-5.187,1,8,0.0948,0.00323,0,0.0906,0.695,109.997,4,164442
LALISA,LISA,70,LALISA,72,0.804,0.652,-6.282,1,8,0.0898,0.0267,0.000782,0.118,0.854,150.076,4,200690
MONEY,LISA,70,LALISA,77,0.826,0.553,-10.121,0,1,0.234,0.163,0.0000412,0.135,0.4,140.037,4,168228
Hair (feat. Sean Paul),Little Mix,77,Get Weird (Expanded Edition),61,0.713,0.801,-5.781,1,7,0.0483,0.00628,0.0000015,0.825,0.727,153.984,4,235127
What You Know Bout Love,Pop Smoke,83,Shoot For The Stars Aim For The Moon,81,0.709,0.548,-8.493,1,10,0.353,0.65,0.00000159,0.133,0.543,83.995,4,160000
My Lecon,JTL,25,Enter The Dragon,40,0.945,0.821,-3.549,0,9,0.0503,0.281,0.000316,0.0534,0.528,107.99,4,206200
Hatchback,Cochise,68,Hatchback,62,0.734,0.692,-6.227,0,2,0.0555,0.0221,0,0.224,0.348,77.994,4,149145
Shower,Becky G,81,Shower,77,0.699,0.529,-7.548,1,2,0.0487,0.0317,0.0000359,0.285,0.121,119.987,4,206167
Replay,Iyaz,63,Replay,75,0.706,0.751,-6.323,1,9,0.0708,0.173,0,0.168,0.195,91.031,4,182307
Love Me,Lil Wayne,85,I Am Not A Human Being II (Deluxe),70,0.669,0.634,-6.476,1,11,0.0327,0.0125,0,0.0946,0.496,124.906,4,255053
Hello Bitches,CL,59,Hello Bitches,66,0.714,0.884,-2.932,1,11,0.113,0.00985,0,0.439,0.584,145.075,4,178177
Life Goes On,Oliver Tree,70,"Ugly is Beautiful: Shorter, Thicker & Uglier (Deluxe)",80,0.7,0.49,-5.187,1,0,0.076,0.186,0,0.117,0.569,79.982,4,161803
Why,Bazzi,72,COSMIC,69,0.676,0.67,-6.584,1,8,0.0374,0.353,0,0.103,0.54,113.01,4,148260
GUY.exe,Superfruit,59,Future Friends,76,0.77,0.732,-4.601,0,4,0.0508,0.0305,0,0.157,0.889,110.011,4,222680
Young Dumb & Broke,Khalid,85,American Teen,80,0.799,0.539,-6.351,1,1,0.0421,0.199,0.0000166,0.165,0.394,136.948,4,202547
You Don't Know Me,Jax Jones,75,You Don't Know Me,64,0.877,0.658,-6.055,0,11,0.132,0.163,0,0.108,0.693,123.999,4,213947
broken,lovelytheband,60,finding it hard to smile,70,0.666,0.728,-5.808,1,7,0.0419,0.00175,0.00000426,0.0429,0.51,122.996,4,204878
Hot N Cold,Katy Perry,83,One Of The Boys,70,0.706,0.841,-3.956,1,7,0.0418,0.0000795,0,0.0688,0.861,132.032,4,220227
Who Says,Selena Gomez & The Scene,67,When The Sun Goes Down,76,0.682,0.927,-2.915,1,4,0.0479,0.0843,0,0.149,0.744,101.019,4,195613
Habits (Stay High),Tove Lo,74,Queen Of The Clouds,75,0.733,0.65,-3.539,1,5,0.0315,0.0703,0.0000659,0.0829,0.348,110.003,4,209160
Bundles (feat. Taylor Girlz),Kayla Nicole,54,Bundles (feat. Taylor Girlz),67,0.939,0.682,-5.931,1,11,0.306,0.00152,0,0.0552,0.584,130.022,4,154806
Middle,DJ Snake,77,Encore,75,0.583,0.695,-5.336,1,9,0.0423,0.0141,0,0.0527,0.224,104.879,4,220573
INDUSTRY BABY (feat. Jack Harlow),Lil Nas X,81,INDUSTRY BABY (feat. Jack Harlow),86,0.736,0.704,-7.409,0,3,0.0615,0.0203,0,0.0501,0.894,149.995,4,212000
Pumped Up Kicks,Madism,66,Pumped Up Kicks,75,0.669,0.687,-4.753,1,0,0.043,0.152,0.000016,0.308,0.386,123.903,4,145161
Bad Habits,Ed Sheeran,90,Bad Habits,22,0.808,0.897,-3.712,0,11,0.0348,0.0469,0.0000314,0.364,0.591,126.026,4,231041
Pepas,Farruko,84,Pepas,87,0.762,0.766,-3.955,1,7,0.0343,0.00776,0.0000698,0.128,0.442,130.001,4,287120
Jalebi Baby (Tesher x Jason Derulo),Tesher,61,Jalebi Baby (Tesher x Jason Derulo),73,0.691,0.829,-7.179,1,0,0.0412,0.0289,0,0.254,0.866,93.059,4,169154
INFERNO,Sub Urban,67,INFERNO,71,0.82,0.611,-5.02,0,9,0.122,0.0766,0.000025,0.0684,0.637,127.883,4,133134
THATS WHAT I WANT,Lil Nas X,81,MONTERO,88,0.737,0.846,-4.51,0,1,0.22,0.00614,0,0.0486,0.546,87.981,4,143901
Savage Love (Laxed - Siren Beat),Jawsh 685,63,Savage Love (Laxed - Siren Beat),77,0.767,0.481,-8.52,0,0,0.0803,0.234,0,0.269,0.761,150.076,4,171375
Play Date,Melanie Martinez,78,Cry Baby (Deluxe Edition),78,0.68,0.729,-5.077,1,5,0.0475,0.612,0,0.224,0.446,123.97,4,179867
Mood (feat. iann dior),24kGoldn,74,Mood (feat. iann dior),18,0.7,0.722,-3.558,0,7,0.0369,0.221,0,0.272,0.756,90.989,4,140526
Electric Love,BØRNS,67,Dopamine,82,0.611,0.797,-7.627,0,6,0.0533,0.00543,0.00137,0.26,0.518,120.041,4,218107
Good Days,SZA,82,Good Days,81,0.436,0.655,-8.37,0,1,0.0583,0.499,0.0000081,0.688,0.412,121.002,4,279204
You Right,Doja Cat,88,Planet Her,84,0.828,0.621,-6.414,1,8,0.0565,0.0164,0.00233,0.0845,0.436,128.986,4,186173
idfc,blackbear,80,deadroses,75,0.63,0.5,-8.755,0,1,0.0611,0.611,0.0000404,0.114,0.315,144.871,4,245172
Be Kind (with Halsey),Marshmello,83,Be Kind (with Halsey),77,0.63,0.633,-7.088,1,4,0.0457,0.00776,0,0.0541,0.452,93.995,4,172762
love nwantiti (ah ah ah),CKay,73,CKay The First,84,0.727,0.739,-3.805,1,8,0.0411,0.365,0.00137,0.161,0.533,93.005,4,145800
34+35,Ariana Grande,87,Positions,80,0.83,0.585,-6.476,1,0,0.094,0.237,0,0.248,0.485,109.978,4,173711
positions,Ariana Grande,87,Positions,85,0.737,0.802,-4.771,1,0,0.0878,0.468,0,0.0931,0.682,144.015,4,172325
Eenie Meenie,Sean Kingston,69,Eenie Meenie,74,0.72,0.607,-4.168,1,1,0.0322,0.0543,0,0.113,0.828,121.223,4,201947
Calling My Phone,Lil Tjay,79,Destined 2 Win,80,0.907,0.393,-7.636,0,4,0.0539,0.451,0.00000135,0.135,0.202,104.949,4,205458
What A Shame,Leyla Blue,57,What A Shame,74,0.699,0.463,-7.828,1,0,0.475,0.315,0,0.0803,0.565,143.99,4,177200
Maniac,Conan Gray,81,Kid Krow,81,0.628,0.639,-5.46,1,8,0.0435,0.00162,0,0.354,0.493,108.045,4,185773
Fashion Week,cry,0,Fashion Week,0,0.717,0.846,-3.182,0,1,0.0329,0.00401,0.0913,0.05,0.713,136.961,4,155365
Hold On,Justin Bieber,90,Justice,78,0.658,0.634,-6.068,0,1,0.0431,0.0104,0,0.12,0.302,140.002,4,170813
Somebody To You,The Vamps,69,Meet The Vamps,76,0.526,0.818,-5.952,1,3,0.0358,0.0587,0,0.333,0.896,171.96,4,185098
Shouldn't Be,Luke Chiang,59,Shouldn't Be,73,0.651,0.291,-10.009,1,4,0.0326,0.738,0,0.115,0.302,124.898,3,210436
Give Love,AKMU,57,PLAY,61,0.793,0.706,-4.536,1,5,0.0695,0.332,0,0.0752,0.839,95.992,4,176532
PYRO,Chester Young,44,PYRO,60,0.718,0.977,-1.824,1,1,0.0668,0.143,0.0318,0.374,0.259,125.983,4,148364
Maps,Maroon 5,85,V (Asia Tour Edition),68,0.742,0.713,-5.522,0,1,0.0303,0.0205,0,0.059,0.879,120.032,4,189960
Wildest Dreams,Taylor Swift,93,1989,78,0.553,0.664,-7.417,1,8,0.0741,0.0709,0.0056,0.106,0.467,140.06,4,220440
Baby I Got Issues,U/NITISH,46,Baby I Got Issues,63,0.734,0.495,-8.228,0,2,0.24,0.548,0,0.121,0.539,150.044,4,164955
Motive X - Promiscuous Mix,Khlaw,49,Motive X (Promiscuous Mix),4,0.786,0.764,-12.556,1,0,0.0478,0.00584,0.0000132,0.376,0.789,112.005,4,193190
"No Guidance, Remake",Litfranse,12,"No Guidance, Remake",28,0.697,0.505,-7.595,0,1,0.121,0.121,0,0.254,0.172,93.022,4,216790
Way Back Home,SHAUN,60,Take,71,0.745,0.739,-4.591,1,10,0.0327,0.405,0.000183,0.127,0.556,99.913,4,214137
Like I Can,Sam Smith,81,In The Lonely Hour,79,0.656,0.627,-6.627,0,7,0.0379,0.343,0.0000217,0.124,0.481,99.933,4,167066
Miss Independent,Ne-Yo,77,Year Of The Gentleman,65,0.668,0.673,-5.714,1,1,0.145,0.48,0,0.194,0.727,171.812,4,232000
Sweet but Psycho,Ava Max,79,Heaven & Hell,80,0.72,0.706,-4.719,1,1,0.0473,0.0684,0,0.166,0.62,133.002,4,187436
Say So,Doja Cat,88,Hot Pink,80,0.787,0.673,-4.583,0,11,0.159,0.264,0.00000335,0.0904,0.779,110.962,4,237893
motive (with Doja Cat),Ariana Grande,87,Positions,79,0.789,0.742,-5.664,0,10,0.0652,0.0681,0,0.166,0.661,116.965,4,167990
WFM,RealestK,62,WFM,3,0.437,0.184,-17.667,1,1,0.0313,0.72,0.00253,0.113,0.247,80.088,4,136000
Die Young,Kesha,76,Warrior (Expanded Edition),78,0.711,0.7,-4.805,0,1,0.046,0.00498,0.000125,0.215,0.801,128.001,4,211920
Some,BOL4,62,Red Diary Page.1,72,0.659,0.799,-2.849,0,1,0.0629,0.417,0,0.0562,0.782,103.991,4,181373
dirty laundry,blackbear,80,deadroses,65,0.766,0.64,-8.899,1,0,0.0345,0.051,0,0.237,0.67,100.044,4,165600
Classic,MKTO,66,MKTO,64,0.72,0.79,-4.686,1,1,0.125,0.0383,0,0.156,0.755,102.068,4,175427
Where'd You Go (feat. Holly Brook & Jonah Matranga),Fort Minor,60,The Rising Tied,61,0.684,0.819,-3.309,0,1,0.238,0.262,0.00197,0.113,0.25,179.999,4,231867
Still into You,Paramore,75,Paramore,79,0.602,0.923,-3.763,1,5,0.044,0.0098,0,0.0561,0.765,136.01,4,216013
Where Them Girls At (feat. Nicki Minaj & Flo Rida),David Guetta,86,Nothing but the Beat (Ultimate Edition),72,0.666,0.876,-3.078,1,3,0.0414,0.055,0,0.259,0.552,129.884,4,194840
Toxic,BoyWithUke,76,Faded,5,0.594,0.612,-6.627,0,8,0.363,0.835,0,0.461,0.687,179.629,4,168020
Я буду ебать,Moreart,46,Я буду ебать,64,0.811,0.712,-6.567,1,11,0.304,0.142,0.0000934,0.148,0.497,203.918,4,141218
TWINNEM,Coi Leray,65,TWINNEM,57,0.885,0.353,-10.484,1,2,0.0912,0.0866,0.0000578,0.173,0.316,134.079,4,117067
Might Be,DJ Luke Nasty,48,Might Be - Single,49,0.448,0.782,-6.766,0,9,0.458,0.378,0,0.114,0.694,74.037,4,210704
Heat Waves,Glass Animals,80,Heat Waves,85,0.761,0.525,-6.9,1,11,0.0944,0.44,0.0000067,0.0921,0.531,80.87,4,238805
Low (feat. T-Pain),Flo Rida,77,Mail on Sunday,80,0.918,0.609,-5.64,0,10,0.0791,0.0928,0,0.139,0.304,128.008,4,231400
Take You To Hell,Ava Max,79,Heaven & Hell,63,0.501,0.682,-4.664,0,0,0.0684,0.135,0,0.145,0.503,173.926,4,164537
True Love (feat. Lily Allen),P!nk,79,The Truth About Love,71,0.457,0.823,-4.76,1,9,0.311,0.00144,0,0.108,0.578,192.205,4,230733
24/7,Celina Sharma,52,CECE,67,0.704,0.638,-2.834,1,10,0.0742,0.385,0,0.0683,0.386,107.974,4,184478
In The Bible (with Lil Durk & Giveon),Drake,95,Certified Lover Boy,72,0.686,0.385,-8.35,0,7,0.297,0.614,0,0.131,0.147,143.07,4,296568
Because Of You,Ne-Yo,77,Because Of You,74,0.81,0.538,-5.784,0,0,0.0356,0.528,0,0.0951,0.828,109.97,4,266840
BOOM,Tiësto,82,BOOM,69,0.886,0.84,-3.386,1,2,0.0502,0.0164,0.00622,0.329,0.203,123.035,4,179512
放個大招給你看 (OPPO Reno 宣傳曲),Ryan.B,46,放個大招給你看 (OPPO Reno 宣傳曲),54,0.704,0.576,-4.962,1,8,0.0967,0.654,0,0.0865,0.921,206.072,4,178720
Soap,Melanie Martinez,78,Cry Baby (Deluxe Edition),73,0.595,0.689,-6.107,0,6,0.148,0.254,0.00000544,0.129,0.213,168.112,4,209427
California Gurls,Katy Perry,83,Teenage Dream: The Complete Confection,75,0.791,0.754,-3.729,1,0,0.0569,0.00446,0,0.163,0.425,125.014,4,234653
Insomnia,Craig David,65,Rewind - The Collection,59,0.62,0.884,-4.127,1,1,0.0441,0.00595,0.0000011,0.201,0.594,125.39,4,207307
One Time,Justin Bieber,90,My World,70,0.691,0.853,-2.528,0,1,0.0372,0.0631,0.0000713,0.082,0.762,145.999,4,215867
Me Too,Meghan Trainor,74,Thank You (Deluxe Version),72,0.934,0.694,-5.849,0,11,0.101,0.0971,0.0000012,0.477,0.833,123.831,4,181240
SAD GIRLZ LUV MONEY Remix (feat. Kali Uchis and Moliy),Amaarae,64,SAD GIRLZ LUV MONEY Remix (feat. Kali Uchis and Moliy),7,0.859,0.525,-8.051,0,1,0.0592,0.434,0.0000234,0.108,0.312,110.066,4,204764
Infinity,Jaymes Young,71,Feel Something,86,0.671,0.673,-6.941,0,11,0.0444,0.148,0.0000529,0.304,0.494,121.963,4,237720
No Lie,Sean Paul,79,Mad Love The Prequel,83,0.742,0.882,-2.862,1,7,0.117,0.0466,0,0.206,0.463,102.04,4,221176
"SG (with Ozuna, Megan Thee Stallion & LISA of BLACKPINK)",DJ Snake,77,"SG (with Ozuna, Megan Thee Stallion & LISA of BLACKPINK)",76,0.8,0.837,-2.807,0,6,0.0491,0.00406,0.00313,0.0904,0.702,100.015,4,225600
Day 'n' Nite,Kid Cudi,81,Watch Dogs (Music from the Video Game) [Original Game Soundtrack],62,0.88,0.445,-6.154,0,11,0.066,0.515,0.00000457,0.102,0.787,138.048,4,222067
Up (feat. Demi Lovato),Olly Murs,65,Never Been Better (Expanded Edition),70,0.692,0.831,-5.389,1,9,0.034,0.0146,0,0.103,0.676,114.972,4,224294
Title,Meghan Trainor,74,Title (Deluxe),73,0.779,0.754,-4.358,1,5,0.0966,0.343,0.0000026,0.0965,0.883,89.998,4,174733
Style,Taylor Swift,93,1989 (Deluxe),79,0.588,0.791,-5.595,1,7,0.0402,0.00245,0.00258,0.118,0.487,94.933,4,231000
Every Summertime,NIKI,75,Every Summertime,81,0.628,0.676,-4.227,1,6,0.0424,0.393,0.0000694,0.0978,0.723,78.996,4,215687
Snowman,Sia,82,Everyday Is Christmas (Deluxe Edition),74,0.716,0.512,-6.257,1,1,0.0331,0.483,0,0.0928,0.326,104.957,3,165907
Se Acabó la Cuarentena,Jowell & Randy,69,Viva el Perreo,62,0.886,0.605,-4.311,1,6,0.109,0.00127,0.0167,0.0767,0.646,122.052,4,166971
abcdefu,GAYLE,71,abcdefu,87,0.695,0.54,-5.692,1,4,0.0493,0.299,0,0.367,0.415,121.932,4,168602
Hips Don't Lie (feat. Wyclef Jean),Shakira,85,"Oral Fixation, Vol. 2 (Expanded Edition)",83,0.778,0.824,-5.892,0,10,0.0707,0.284,0,0.405,0.758,100.024,4,218093
Save Your Tears,The Weeknd,93,After Hours,88,0.68,0.826,-5.487,1,0,0.0309,0.0212,0.0000124,0.543,0.644,118.051,4,215627
hot girl bummer,blackbear,80,hot girl bummer,5,0.778,0.559,-7.109,0,6,0.0776,0.128,0,0.399,0.678,129.989,1,185093
I Wanna Love You,Akon,79,Konvicted,14,0.865,0.45,-9.387,1,0,0.0417,0.0359,0.00000128,0.308,0.352,99.989,4,247067
All I Wanna Do,Jay Park,67,EVERYTHING YOU WANTED,66,0.613,0.668,-6.867,1,8,0.267,0.245,0,0.0735,0.509,96.176,4,209393
Ain't Your Mama,Jennifer Lopez,75,Ain't Your Mama,71,0.757,0.678,-5.529,0,8,0.233,0.0472,0.00000914,0.0654,0.82,120.075,4,218235
Teenage Dream,Katy Perry,83,Teenage Dream,70,0.719,0.798,-4.582,1,10,0.0361,0.0162,0.00000234,0.134,0.591,120.011,4,227741
Like A G6,Far East Movement,65,Free Wired,74,0.435,0.837,-8.126,1,3,0.449,0.00676,0,0.117,0.778,124.913,4,216893
Love Me,Justin Bieber,90,My World,68,0.729,0.868,-3.319,1,3,0.0609,0.00939,0,0.283,0.632,124.957,4,191573
Baby,Justin Bieber,90,My World 2.0,81,0.728,0.859,-5.237,0,5,0.137,0.0401,0,0.111,0.535,65.043,4,214240
Favorite Girl,Justin Bieber,90,My World,72,0.581,0.681,-4.469,1,7,0.0435,0.0472,0,0.104,0.634,176.034,4,256800
Love Tonight - David Guetta Remix Edit,Shouse,71,Love Tonight (David Guetta Remix),81,0.621,0.989,-4.225,0,10,0.0434,0.015,0.357,0.184,0.0348,126.002,4,158095
Ghost,Justin Bieber,90,Justice,89,0.601,0.741,-5.569,1,2,0.0478,0.185,0.0000291,0.415,0.441,153.96,4,153190
Polaroid Love,ENHYPEN,75,DIMENSION : ANSWER,79,0.738,0.67,-3.766,0,7,0.0439,0.458,0,0.361,0.651,138.055,4,184602
Save Your Tears (with Ariana Grande) (Remix),The Weeknd,93,Save Your Tears (Remix),84,0.65,0.825,-4.645,1,0,0.0325,0.0215,0.0000244,0.0936,0.593,118.091,4,191014
MIDDLE OF THE NIGHT,Elley Duhé,75,MIDDLE OF THE NIGHT,91,0.41,0.611,-8.271,0,4,0.0467,0.0228,0,0.116,0.0899,185.727,3,184448
We Found Love,Rihanna,87,Talk That Talk,77,0.734,0.766,-4.485,1,1,0.0383,0.025,0.00138,0.108,0.6,127.986,4,215227
Panda,Desiigner,63,Panda,67,0.685,0.731,-5.503,0,10,0.414,0.0292,0,0.369,0.266,145.245,4,247867
TO THE MOON,Jnr Choi,63,TO THE MOON,79,0.745,0.65,-11.814,1,2,0.346,0.0451,0.00758,0.111,0.386,144.047,4,152137
Upside Down,JVKE,71,Upside Down,65,0.88,0.501,-6.774,1,2,0.062,0.0494,0.0695,0.436,0.459,120.038,4,114500
lowkey,NIKI,75,lowkey,76,0.752,0.494,-8.18,1,0,0.0559,0.432,0,0.0869,0.227,117.901,4,171356
Desce Pro Play (PA PA PA),ZAAC,60,Desce Pro Play (PA PA PA),64,0.935,0.71,-5.085,0,11,0.158,0.0769,0.00000192,0.173,0.635,100.009,4,168507
